<?xml version="1.0" encoding="UTF-8"?>
<root>
  <item name="androidx.profileinstaller.DeviceProfileWriter void result(int, java.lang.Object) 0">
    <annotation name="androidx.annotation.IntDef">
      <val name="value" val="{androidx.profileinstaller.ProfileInstaller.RESULT_INSTALL_SUCCESS, androidx.profileinstaller.ProfileInstaller.RESULT_ALREADY_INSTALLED, androidx.profileinstaller.ProfileInstaller.RESULT_UNSUPPORTED_ART_VERSION, androidx.profileinstaller.ProfileInstaller.RESULT_NOT_WRITABLE, androidx.profileinstaller.ProfileInstaller.RESULT_DESIRED_FORMAT_UNSUPPORTED, androidx.profileinstaller.ProfileInstaller.RESULT_BASELINE_PROFILE_NOT_FOUND, androidx.profileinstaller.ProfileInstaller.RESULT_IO_EXCEPTION, androidx.profileinstaller.ProfileInstaller.RESULT_PARSE_EXCEPTION}" />
    </annotation>
  </item>
  <item name="androidx.profileinstaller.ProfileInstaller DIAGNOSTIC_CURRENT_PROFILE_DOES_NOT_EXIST">
    <annotation name="androidx.annotation.IntDef">
      <val name="value" val="{androidx.profileinstaller.ProfileInstaller.DIAGNOSTIC_CURRENT_PROFILE_EXISTS, androidx.profileinstaller.ProfileInstaller.DIAGNOSTIC_CURRENT_PROFILE_DOES_NOT_EXIST, androidx.profileinstaller.ProfileInstaller.DIAGNOSTIC_REF_PROFILE_EXISTS, androidx.profileinstaller.ProfileInstaller.DIAGNOSTIC_REF_PROFILE_DOES_NOT_EXIST}" />
    </annotation>
  </item>
  <item name="androidx.profileinstaller.ProfileInstaller DIAGNOSTIC_CURRENT_PROFILE_EXISTS">
    <annotation name="androidx.annotation.IntDef">
      <val name="value" val="{androidx.profileinstaller.ProfileInstaller.DIAGNOSTIC_CURRENT_PROFILE_EXISTS, androidx.profileinstaller.ProfileInstaller.DIAGNOSTIC_CURRENT_PROFILE_DOES_NOT_EXIST, androidx.profileinstaller.ProfileInstaller.DIAGNOSTIC_REF_PROFILE_EXISTS, androidx.profileinstaller.ProfileInstaller.DIAGNOSTIC_REF_PROFILE_DOES_NOT_EXIST}" />
    </annotation>
  </item>
  <item name="androidx.profileinstaller.ProfileInstaller DIAGNOSTIC_REF_PROFILE_DOES_NOT_EXIST">
    <annotation name="androidx.annotation.IntDef">
      <val name="value" val="{androidx.profileinstaller.ProfileInstaller.DIAGNOSTIC_CURRENT_PROFILE_EXISTS, androidx.profileinstaller.ProfileInstaller.DIAGNOSTIC_CURRENT_PROFILE_DOES_NOT_EXIST, androidx.profileinstaller.ProfileInstaller.DIAGNOSTIC_REF_PROFILE_EXISTS, androidx.profileinstaller.ProfileInstaller.DIAGNOSTIC_REF_PROFILE_DOES_NOT_EXIST}" />
    </annotation>
  </item>
  <item name="androidx.profileinstaller.ProfileInstaller DIAGNOSTIC_REF_PROFILE_EXISTS">
    <annotation name="androidx.annotation.IntDef">
      <val name="value" val="{androidx.profileinstaller.ProfileInstaller.DIAGNOSTIC_CURRENT_PROFILE_EXISTS, androidx.profileinstaller.ProfileInstaller.DIAGNOSTIC_CURRENT_PROFILE_DOES_NOT_EXIST, androidx.profileinstaller.ProfileInstaller.DIAGNOSTIC_REF_PROFILE_EXISTS, androidx.profileinstaller.ProfileInstaller.DIAGNOSTIC_REF_PROFILE_DOES_NOT_EXIST}" />
    </annotation>
  </item>
  <item name="androidx.profileinstaller.ProfileInstaller RESULT_ALREADY_INSTALLED">
    <annotation name="androidx.annotation.IntDef">
      <val name="value" val="{androidx.profileinstaller.ProfileInstaller.RESULT_INSTALL_SUCCESS, androidx.profileinstaller.ProfileInstaller.RESULT_ALREADY_INSTALLED, androidx.profileinstaller.ProfileInstaller.RESULT_UNSUPPORTED_ART_VERSION, androidx.profileinstaller.ProfileInstaller.RESULT_NOT_WRITABLE, androidx.profileinstaller.ProfileInstaller.RESULT_DESIRED_FORMAT_UNSUPPORTED, androidx.profileinstaller.ProfileInstaller.RESULT_BASELINE_PROFILE_NOT_FOUND, androidx.profileinstaller.ProfileInstaller.RESULT_IO_EXCEPTION, androidx.profileinstaller.ProfileInstaller.RESULT_PARSE_EXCEPTION}" />
    </annotation>
  </item>
  <item name="androidx.profileinstaller.ProfileInstaller RESULT_BASELINE_PROFILE_NOT_FOUND">
    <annotation name="androidx.annotation.IntDef">
      <val name="value" val="{androidx.profileinstaller.ProfileInstaller.RESULT_INSTALL_SUCCESS, androidx.profileinstaller.ProfileInstaller.RESULT_ALREADY_INSTALLED, androidx.profileinstaller.ProfileInstaller.RESULT_UNSUPPORTED_ART_VERSION, androidx.profileinstaller.ProfileInstaller.RESULT_NOT_WRITABLE, androidx.profileinstaller.ProfileInstaller.RESULT_DESIRED_FORMAT_UNSUPPORTED, androidx.profileinstaller.ProfileInstaller.RESULT_BASELINE_PROFILE_NOT_FOUND, androidx.profileinstaller.ProfileInstaller.RESULT_IO_EXCEPTION, androidx.profileinstaller.ProfileInstaller.RESULT_PARSE_EXCEPTION}" />
    </annotation>
  </item>
  <item name="androidx.profileinstaller.ProfileInstaller RESULT_DESIRED_FORMAT_UNSUPPORTED">
    <annotation name="androidx.annotation.IntDef">
      <val name="value" val="{androidx.profileinstaller.ProfileInstaller.RESULT_INSTALL_SUCCESS, androidx.profileinstaller.ProfileInstaller.RESULT_ALREADY_INSTALLED, androidx.profileinstaller.ProfileInstaller.RESULT_UNSUPPORTED_ART_VERSION, androidx.profileinstaller.ProfileInstaller.RESULT_NOT_WRITABLE, androidx.profileinstaller.ProfileInstaller.RESULT_DESIRED_FORMAT_UNSUPPORTED, androidx.profileinstaller.ProfileInstaller.RESULT_BASELINE_PROFILE_NOT_FOUND, androidx.profileinstaller.ProfileInstaller.RESULT_IO_EXCEPTION, androidx.profileinstaller.ProfileInstaller.RESULT_PARSE_EXCEPTION}" />
    </annotation>
  </item>
  <item name="androidx.profileinstaller.ProfileInstaller RESULT_INSTALL_SUCCESS">
    <annotation name="androidx.annotation.IntDef">
      <val name="value" val="{androidx.profileinstaller.ProfileInstaller.RESULT_INSTALL_SUCCESS, androidx.profileinstaller.ProfileInstaller.RESULT_ALREADY_INSTALLED, androidx.profileinstaller.ProfileInstaller.RESULT_UNSUPPORTED_ART_VERSION, androidx.profileinstaller.ProfileInstaller.RESULT_NOT_WRITABLE, androidx.profileinstaller.ProfileInstaller.RESULT_DESIRED_FORMAT_UNSUPPORTED, androidx.profileinstaller.ProfileInstaller.RESULT_BASELINE_PROFILE_NOT_FOUND, androidx.profileinstaller.ProfileInstaller.RESULT_IO_EXCEPTION, androidx.profileinstaller.ProfileInstaller.RESULT_PARSE_EXCEPTION}" />
    </annotation>
  </item>
  <item name="androidx.profileinstaller.ProfileInstaller RESULT_IO_EXCEPTION">
    <annotation name="androidx.annotation.IntDef">
      <val name="value" val="{androidx.profileinstaller.ProfileInstaller.RESULT_INSTALL_SUCCESS, androidx.profileinstaller.ProfileInstaller.RESULT_ALREADY_INSTALLED, androidx.profileinstaller.ProfileInstaller.RESULT_UNSUPPORTED_ART_VERSION, androidx.profileinstaller.ProfileInstaller.RESULT_NOT_WRITABLE, androidx.profileinstaller.ProfileInstaller.RESULT_DESIRED_FORMAT_UNSUPPORTED, androidx.profileinstaller.ProfileInstaller.RESULT_BASELINE_PROFILE_NOT_FOUND, androidx.profileinstaller.ProfileInstaller.RESULT_IO_EXCEPTION, androidx.profileinstaller.ProfileInstaller.RESULT_PARSE_EXCEPTION}" />
    </annotation>
  </item>
  <item name="androidx.profileinstaller.ProfileInstaller RESULT_NOT_WRITABLE">
    <annotation name="androidx.annotation.IntDef">
      <val name="value" val="{androidx.profileinstaller.ProfileInstaller.RESULT_INSTALL_SUCCESS, androidx.profileinstaller.ProfileInstaller.RESULT_ALREADY_INSTALLED, androidx.profileinstaller.ProfileInstaller.RESULT_UNSUPPORTED_ART_VERSION, androidx.profileinstaller.ProfileInstaller.RESULT_NOT_WRITABLE, androidx.profileinstaller.ProfileInstaller.RESULT_DESIRED_FORMAT_UNSUPPORTED, androidx.profileinstaller.ProfileInstaller.RESULT_BASELINE_PROFILE_NOT_FOUND, androidx.profileinstaller.ProfileInstaller.RESULT_IO_EXCEPTION, androidx.profileinstaller.ProfileInstaller.RESULT_PARSE_EXCEPTION}" />
    </annotation>
  </item>
  <item name="androidx.profileinstaller.ProfileInstaller RESULT_PARSE_EXCEPTION">
    <annotation name="androidx.annotation.IntDef">
      <val name="value" val="{androidx.profileinstaller.ProfileInstaller.RESULT_INSTALL_SUCCESS, androidx.profileinstaller.ProfileInstaller.RESULT_ALREADY_INSTALLED, androidx.profileinstaller.ProfileInstaller.RESULT_UNSUPPORTED_ART_VERSION, androidx.profileinstaller.ProfileInstaller.RESULT_NOT_WRITABLE, androidx.profileinstaller.ProfileInstaller.RESULT_DESIRED_FORMAT_UNSUPPORTED, androidx.profileinstaller.ProfileInstaller.RESULT_BASELINE_PROFILE_NOT_FOUND, androidx.profileinstaller.ProfileInstaller.RESULT_IO_EXCEPTION, androidx.profileinstaller.ProfileInstaller.RESULT_PARSE_EXCEPTION}" />
    </annotation>
  </item>
  <item name="androidx.profileinstaller.ProfileInstaller RESULT_UNSUPPORTED_ART_VERSION">
    <annotation name="androidx.annotation.IntDef">
      <val name="value" val="{androidx.profileinstaller.ProfileInstaller.RESULT_INSTALL_SUCCESS, androidx.profileinstaller.ProfileInstaller.RESULT_ALREADY_INSTALLED, androidx.profileinstaller.ProfileInstaller.RESULT_UNSUPPORTED_ART_VERSION, androidx.profileinstaller.ProfileInstaller.RESULT_NOT_WRITABLE, androidx.profileinstaller.ProfileInstaller.RESULT_DESIRED_FORMAT_UNSUPPORTED, androidx.profileinstaller.ProfileInstaller.RESULT_BASELINE_PROFILE_NOT_FOUND, androidx.profileinstaller.ProfileInstaller.RESULT_IO_EXCEPTION, androidx.profileinstaller.ProfileInstaller.RESULT_PARSE_EXCEPTION}" />
    </annotation>
  </item>
  <item name="androidx.profileinstaller.ProfileInstaller void diagnostic(java.util.concurrent.Executor, androidx.profileinstaller.ProfileInstaller.DiagnosticsCallback, int, java.lang.Object) 2">
    <annotation name="androidx.annotation.IntDef">
      <val name="value" val="{androidx.profileinstaller.ProfileInstaller.DIAGNOSTIC_CURRENT_PROFILE_EXISTS, androidx.profileinstaller.ProfileInstaller.DIAGNOSTIC_CURRENT_PROFILE_DOES_NOT_EXIST, androidx.profileinstaller.ProfileInstaller.DIAGNOSTIC_REF_PROFILE_EXISTS, androidx.profileinstaller.ProfileInstaller.DIAGNOSTIC_REF_PROFILE_DOES_NOT_EXIST}" />
    </annotation>
  </item>
  <item name="androidx.profileinstaller.ProfileInstaller void result(java.util.concurrent.Executor, androidx.profileinstaller.ProfileInstaller.DiagnosticsCallback, int, java.lang.Object) 2">
    <annotation name="androidx.annotation.IntDef">
      <val name="value" val="{androidx.profileinstaller.ProfileInstaller.RESULT_INSTALL_SUCCESS, androidx.profileinstaller.ProfileInstaller.RESULT_ALREADY_INSTALLED, androidx.profileinstaller.ProfileInstaller.RESULT_UNSUPPORTED_ART_VERSION, androidx.profileinstaller.ProfileInstaller.RESULT_NOT_WRITABLE, androidx.profileinstaller.ProfileInstaller.RESULT_DESIRED_FORMAT_UNSUPPORTED, androidx.profileinstaller.ProfileInstaller.RESULT_BASELINE_PROFILE_NOT_FOUND, androidx.profileinstaller.ProfileInstaller.RESULT_IO_EXCEPTION, androidx.profileinstaller.ProfileInstaller.RESULT_PARSE_EXCEPTION}" />
    </annotation>
  </item>
  <item name="androidx.profileinstaller.ProfileInstaller.DiagnosticCode">
    <annotation name="androidx.annotation.IntDef">
      <val name="value" val="{androidx.profileinstaller.ProfileInstaller.DIAGNOSTIC_CURRENT_PROFILE_EXISTS, androidx.profileinstaller.ProfileInstaller.DIAGNOSTIC_CURRENT_PROFILE_DOES_NOT_EXIST, androidx.profileinstaller.ProfileInstaller.DIAGNOSTIC_REF_PROFILE_EXISTS, androidx.profileinstaller.ProfileInstaller.DIAGNOSTIC_REF_PROFILE_DOES_NOT_EXIST}" />
    </annotation>
  </item>
  <item name="androidx.profileinstaller.ProfileInstaller.DiagnosticsCallback void onDiagnosticReceived(int, java.lang.Object) 0">
    <annotation name="androidx.annotation.IntDef">
      <val name="value" val="{androidx.profileinstaller.ProfileInstaller.DIAGNOSTIC_CURRENT_PROFILE_EXISTS, androidx.profileinstaller.ProfileInstaller.DIAGNOSTIC_CURRENT_PROFILE_DOES_NOT_EXIST, androidx.profileinstaller.ProfileInstaller.DIAGNOSTIC_REF_PROFILE_EXISTS, androidx.profileinstaller.ProfileInstaller.DIAGNOSTIC_REF_PROFILE_DOES_NOT_EXIST}" />
    </annotation>
  </item>
  <item name="androidx.profileinstaller.ProfileInstaller.DiagnosticsCallback void onResultReceived(int, java.lang.Object) 0">
    <annotation name="androidx.annotation.IntDef">
      <val name="value" val="{androidx.profileinstaller.ProfileInstaller.RESULT_INSTALL_SUCCESS, androidx.profileinstaller.ProfileInstaller.RESULT_ALREADY_INSTALLED, androidx.profileinstaller.ProfileInstaller.RESULT_UNSUPPORTED_ART_VERSION, androidx.profileinstaller.ProfileInstaller.RESULT_NOT_WRITABLE, androidx.profileinstaller.ProfileInstaller.RESULT_DESIRED_FORMAT_UNSUPPORTED, androidx.profileinstaller.ProfileInstaller.RESULT_BASELINE_PROFILE_NOT_FOUND, androidx.profileinstaller.ProfileInstaller.RESULT_IO_EXCEPTION, androidx.profileinstaller.ProfileInstaller.RESULT_PARSE_EXCEPTION}" />
    </annotation>
  </item>
  <item name="androidx.profileinstaller.ProfileInstaller.ResultCode">
    <annotation name="androidx.annotation.IntDef">
      <val name="value" val="{androidx.profileinstaller.ProfileInstaller.RESULT_INSTALL_SUCCESS, androidx.profileinstaller.ProfileInstaller.RESULT_ALREADY_INSTALLED, androidx.profileinstaller.ProfileInstaller.RESULT_UNSUPPORTED_ART_VERSION, androidx.profileinstaller.ProfileInstaller.RESULT_NOT_WRITABLE, androidx.profileinstaller.ProfileInstaller.RESULT_DESIRED_FORMAT_UNSUPPORTED, androidx.profileinstaller.ProfileInstaller.RESULT_BASELINE_PROFILE_NOT_FOUND, androidx.profileinstaller.ProfileInstaller.RESULT_IO_EXCEPTION, androidx.profileinstaller.ProfileInstaller.RESULT_PARSE_EXCEPTION}" />
    </annotation>
  </item>
</root>

